{
  "name": "accident",
  "intensity": "overload",
  "seed": 31354,
  "trip_multiplier": 11.735937500000002,
  "trip_mix": {
    "intra_district": 0.19000000000000003,
    "adjacent_district": 0.4495,
    "long_distance": 0.3605
  },
  "blocked_roads": [
    "r_i_0004_i_0010",
    "r_i_0022_i_0021",
    "r_i_0025_i_0024"
  ],
  "penalized_roads": {
    "r_i_0022_i_0021": 12.5,
    "r_i_0004_i_0010": 12.5,
    "r_i_0025_i_0024": 12.5,
    "r_i_0021_i_0015": 9.75,
    "r_i_0023_i_0022": 9.75,
    "r_i_0022_i_0028": 9.75,
    "r_i_0021_i_0022": 9.75,
    "r_i_0021_i_0027": 9.75,
    "r_i_0027_i_0021": 9.75,
    "r_i_0021_i_0020": 9.75,
    "r_i_0020_i_0021": 9.75,
    "r_i_0015_i_0021": 9.75,
    "r_i_0022_i_0016": 9.75,
    "r_i_0028_i_0022": 9.75,
    "r_i_0016_i_0022": 9.75,
    "r_i_0022_i_0023": 9.75,
    "r_i_0011_i_0010": 9.75,
    "r_i_0010_i_0009": 9.75,
    "r_i_0016_i_0010": 9.75,
    "r_i_0003_i_0004": 9.75,
    "r_i_0009_i_0010": 9.75,
    "r_i_0010_i_0011": 9.75,
    "r_i_0010_i_0016": 9.75,
    "r_i_0004_i_0005": 9.75,
    "r_i_0010_i_0004": 9.75,
    "r_i_0005_i_0004": 9.75,
    "r_i_0004_i_0003": 9.75,
    "r_i_0019_i_0025": 9.75,
    "r_i_0025_i_0026": 9.75,
    "r_i_0024_i_0030": 9.75,
    "r_i_0026_i_0025": 9.75,
    "r_i_0018_i_0024": 9.75,
    "r_i_0030_i_0024": 9.75,
    "r_i_0031_i_0025": 9.75,
    "r_i_0024_i_0025": 9.75,
    "r_i_0025_i_0031": 9.75,
    "r_i_0025_i_0019": 9.75,
    "r_i_0024_i_0018": 9.75
  },
  "event_district": null,
  "overload_district": null,
  "diagnostics": {
    "total_vehicles": 30982,
    "vehicles_by_origin_district": {
      "d_00": 6661,
      "d_01": 2505,
      "external": 4853,
      "d_04": 4821,
      "d_07": 1212,
      "d_02": 3807,
      "d_03": 3276,
      "d_08": 1061,
      "d_06": 2365,
      "d_05": 421
    },
    "vehicles_by_destination_district": {
      "d_00": 4195,
      "d_06": 5107,
      "d_03": 4258,
      "d_02": 2035,
      "d_05": 980,
      "external": 4691,
      "d_04": 2661,
      "d_07": 2538,
      "d_01": 3973,
      "d_08": 544
    },
    "vehicles_from_external": 4853,
    "vehicles_to_external": 4691,
    "roads_used": 126,
    "unused_roads": 12,
    "boundary_road_usage": 68138,
    "gateway_road_usage": 9544,
    "boundary_road_share": 0.4613,
    "top_used_roads": [
      {
        "road_id": "r_i_0020_i_0026",
        "traversals": 5119,
        "is_arterial": true,
        "is_inter_district": true,
        "is_gateway": false
      },
      {
        "road_id": "r_i_0026_i_0020",
        "traversals": 4564,
        "is_arterial": true,
        "is_inter_district": true,
        "is_gateway": false
      },
      {
        "road_id": "r_i_0026_i_0032",
        "traversals": 3685,
        "is_arterial": true,
        "is_inter_district": false,
        "is_gateway": false
      },
      {
        "road_id": "r_i_0027_i_0026",
        "traversals": 3257,
        "is_arterial": true,
        "is_inter_district": true,
        "is_gateway": false
      },
      {
        "road_id": "r_i_0020_i_0014",
        "traversals": 3203,
        "is_arterial": true,
        "is_inter_district": true,
        "is_gateway": false
      },
      {
        "road_id": "r_i_0032_i_0026",
        "traversals": 3150,
        "is_arterial": true,
        "is_inter_district": false,
        "is_gateway": false
      },
      {
        "road_id": "r_i_0014_i_0015",
        "traversals": 3066,
        "is_arterial": true,
        "is_inter_district": true,
        "is_gateway": false
      },
      {
        "road_id": "r_i_0015_i_0016",
        "traversals": 3057,
        "is_arterial": true,
        "is_inter_district": false,
        "is_gateway": false
      },
      {
        "road_id": "r_i_0031_i_0032",
        "traversals": 3006,
        "is_arterial": true,
        "is_inter_district": true,
        "is_gateway": false
      },
      {
        "road_id": "r_i_0014_i_0020",
        "traversals": 2947,
        "is_arterial": true,
        "is_inter_district": true,
        "is_gateway": false
      },
      {
        "road_id": "r_i_0032_i_0031",
        "traversals": 2940,
        "is_arterial": true,
        "is_inter_district": true,
        "is_gateway": false
      },
      {
        "road_id": "r_i_0016_i_0015",
        "traversals": 2664,
        "is_arterial": true,
        "is_inter_district": false,
        "is_gateway": false
      },
      {
        "road_id": "r_i_0026_i_0027",
        "traversals": 2613,
        "is_arterial": true,
        "is_inter_district": true,
        "is_gateway": false
      },
      {
        "road_id": "r_i_0019_i_0020",
        "traversals": 2476,
        "is_arterial": true,
        "is_inter_district": false,
        "is_gateway": false
      },
      {
        "road_id": "r_i_0002_i_0008",
        "traversals": 2348,
        "is_arterial": true,
        "is_inter_district": true,
        "is_gateway": false
      }
    ],
    "top_used_corridors": [
      {
        "corridor": "d_03->d_07",
        "traversals": 8125
      },
      {
        "corridor": "d_07->d_03",
        "traversals": 7504
      },
      {
        "corridor": "d_00->d_03",
        "traversals": 6329
      },
      {
        "corridor": "d_03->d_00",
        "traversals": 5482
      },
      {
        "corridor": "d_00->d_06",
        "traversals": 4315
      },
      {
        "corridor": "d_04->d_07",
        "traversals": 3257
      },
      {
        "corridor": "d_01->d_06",
        "traversals": 2761
      },
      {
        "corridor": "d_06->d_00",
        "traversals": 2653
      },
      {
        "corridor": "d_07->d_04",
        "traversals": 2613
      },
      {
        "corridor": "d_06->d_01",
        "traversals": 2503
      }
    ],
    "estimated_congestion_intensity": {
      "score": 100.0,
      "level": "extreme",
      "demand_per_lane": 81.532,
      "avg_route_length": 4.767,
      "road_usage_concentration": 0.2373
    }
  },
  "details": {
    "description": "Severe disruption on connector/arterial corridors.",
    "base_demand_per_intersection": 60,
    "accident_roads": [
      "r_i_0004_i_0010",
      "r_i_0022_i_0021",
      "r_i_0025_i_0024"
    ],
    "bottleneck_penalties": {
      "r_i_0021_i_0015": 9.75,
      "r_i_0023_i_0022": 9.75,
      "r_i_0022_i_0028": 9.75,
      "r_i_0021_i_0022": 9.75,
      "r_i_0021_i_0027": 9.75,
      "r_i_0027_i_0021": 9.75,
      "r_i_0021_i_0020": 9.75,
      "r_i_0020_i_0021": 9.75,
      "r_i_0015_i_0021": 9.75,
      "r_i_0022_i_0016": 9.75,
      "r_i_0028_i_0022": 9.75,
      "r_i_0016_i_0022": 9.75,
      "r_i_0022_i_0023": 9.75,
      "r_i_0011_i_0010": 9.75,
      "r_i_0010_i_0009": 9.75,
      "r_i_0016_i_0010": 9.75,
      "r_i_0003_i_0004": 9.75,
      "r_i_0009_i_0010": 9.75,
      "r_i_0010_i_0011": 9.75,
      "r_i_0010_i_0016": 9.75,
      "r_i_0004_i_0005": 9.75,
      "r_i_0010_i_0004": 9.75,
      "r_i_0005_i_0004": 9.75,
      "r_i_0004_i_0003": 9.75,
      "r_i_0019_i_0025": 9.75,
      "r_i_0025_i_0026": 9.75,
      "r_i_0024_i_0030": 9.75,
      "r_i_0026_i_0025": 9.75,
      "r_i_0018_i_0024": 9.75,
      "r_i_0030_i_0024": 9.75,
      "r_i_0031_i_0025": 9.75,
      "r_i_0024_i_0025": 9.75,
      "r_i_0025_i_0031": 9.75,
      "r_i_0025_i_0019": 9.75,
      "r_i_0024_i_0018": 9.75
    }
  }
}